<?xml version="1.0" encoding="UTF-8"?><?xml-stylesheet type='text/xsl' href='_UpgradeReport_Files/UpgradeReport.xslt'?><UpgradeLog>
<Properties><Property Name="Solution" Value="TestDataCreator">
</Property><Property Name="Solution File" Value="H:\UAH\Classes\CS499\Project Assignments\P05-Statistical Analyzer\TestDataCreator\TestDataCreator.sln">
</Property><Property Name="Date" Value="Wednesday, August 27, 2014">
</Property><Property Name="Time" Value="9:14 AM">
</Property><Property Name="Log Number" Value="2">
</Property></Properties><Event ErrorLevel="0" Project="TestDataCreator" Source="TestDataCreator\TestDataCreator.vcproj" Description="Converting project file 'H:\UAH\Classes\CS499\Project Assignments\P05-Statistical Analyzer\TestDataCreator\TestDataCreator\TestDataCreator.vcproj'.">
</Event><Event ErrorLevel="1" Project="TestDataCreator" Source="TestDataCreator\TestDataCreator.vcproj" Description="VCWebServiceProxyGeneratorTool is no longer supported. The tool has been removed from your project settings.">
</Event><Event ErrorLevel="1" Project="TestDataCreator" Source="TestDataCreator\TestDataCreator.vcproj" Description="Attribute 'Detect64BitPortabilityProblems' of 'VCCLCompilerTool' is not supported in this version and has been removed during conversion.">
</Event><Event ErrorLevel="1" Project="TestDataCreator" Source="TestDataCreator\TestDataCreator.vcproj" Description="Attribute 'Detect64BitPortabilityProblems' of 'VCCLCompilerTool' is not supported in this version and has been removed during conversion.">
</Event><Event ErrorLevel="0" Project="TestDataCreator" Source="TestDataCreator\TestDataCreator.vcproj" Description="Done converting to new project file 'H:\UAH\Classes\CS499\Project Assignments\P05-Statistical Analyzer\TestDataCreator\TestDataCreator\TestDataCreator.vcxproj'.">
</Event><Event ErrorLevel="3" Project="TestDataCreator" Source="TestDataCreator\TestDataCreator.vcproj" Description="Converted">
</Event><Event ErrorLevel="0" Project="" Source="TestDataCreator.sln" Description="Solution converted successfully">
</Event><Event ErrorLevel="3" Project="" Source="TestDataCreator.sln" Description="Converted">
</Event></UpgradeLog>